{
  "1.0": 17167.978898587073,
  "2.0": 18193.36104647862,
  "3.0": 25260.66904502717,
  "4.0": 26131.88116623929,
  "5.0": 23653.168301789512,
  "6.0": 22942.50167353948,
  "7.0": 24141.724402386015,
  "8.0": 24058.391069052683,
  "9.0": 108400.03849047956,
  "10.0": 29667.906630616584,
  "11.0": 24733.391069052683,
  "12.0": 25381.88116623929,
  "13.0": 22933.391069052683,
  "14.0": 25836.426620784743,
  "15.0": 26148.114932473054,
  "16.0": 26018.244802602927,
  "17.0": 26245.517529875655,
  "18.0": 19565.215761309915,
  "19.0": 24972.790257148383,
  "20.0": 25418.244802602927,
  "21.0": 25436.426620784743,
  "22.0": 19342.534641431608,
  "23.0": 25472.790257148383,
  "24.0": 23225.05773571935,
  "25.0": 25866.729651087775,
  "26.0": 24981.88116623929,
  "27.0": 28734.15389351202,
  "28.0": 24700.062984421107,
  "29.0": 26472.790257148383,
  "30.0": 24583.585711693835,
  "31.0": 32067.195851553977,
  "32.0": 25563.69934805747,
  "33.0": 25847.790257148383,
  "34.0": 24790.9720753302,
  "__global_mean__": 26620.06928286322
}