{
  "dataset_version": "20260719T152722Z",
  "model_params": {
    "depth": 4,
    "learning_rate": 0.1,
    "l2_leaf_reg": 5
  },
  "metrics": {
    "mae": 70862.06811939963,
    "rmse": 95366.46787857648,
    "r2": 0.34293316147635367,
    "mape": 1935.5261763789417
  }
}